season,week,method,reversal_rate,tech_vulnerability,popularity_vulnerability,season_method
10,2,rank_direct,0.8254,0.0,0.0,percent
10,2,rank_save,0.9696,0.0,0.0013,percent
10,2,percent_direct,0.5510999999999999,0.0018,0.0,percent
10,2,percent_save,0.6994,0.0,0.0,percent
10,3,rank_direct,0.11539999999999995,0.0,0.0,percent
10,3,rank_save,0.02070000000000005,0.0,0.0,percent
10,3,percent_direct,0.24480000000000002,0.0118,0.0,percent
10,3,percent_save,0.07699999999999996,0.0,0.0,percent
10,5,rank_direct,0.04749999999999999,0.0,0.0,percent
10,5,rank_save,0.008700000000000041,0.0,0.0002,percent
10,5,percent_direct,0.23299999999999998,0.0074,0.0,percent
10,5,percent_save,0.06769999999999998,0.0,0.0,percent
10,6,rank_direct,0.0353,0.0,0.0,percent
10,6,rank_save,0.0036000000000000476,0.0,0.0008,percent
10,6,percent_direct,0.20799999999999996,0.0184,0.0,percent
10,6,percent_save,0.05269999999999997,0.0,0.0,percent
10,8,rank_direct,0.021499999999999964,0.0,0.0007,percent
10,8,rank_save,0.0010999999999999899,0.0,0.003,percent
10,8,percent_direct,0.18799999999999994,0.032,0.0001,percent
10,8,percent_save,0.03359999999999996,0.0,0.0011,percent
10,9,rank_direct,0.018199999999999994,0.0,0.0036,percent
10,9,rank_save,0.0,0.0,0.007,percent
10,9,percent_direct,0.15600000000000003,0.0608,0.0003,percent
10,9,percent_save,0.021499999999999964,0.0044,0.0035,percent
11,1,rank_direct,0.32520000000000004,0.0,0.0,percent
11,1,rank_save,0.27669999999999995,0.0,0.0,percent
11,1,percent_direct,0.42290000000000005,0.0025,0.0,percent
11,1,percent_save,0.3237,0.0,0.0,percent
11,2,rank_direct,0.18700000000000006,0.0,0.0,percent
11,2,rank_save,0.046499999999999986,0.0,0.0,percent
11,2,percent_direct,0.2753,0.011,0.0,percent
11,2,percent_save,0.13270000000000004,0.0,0.0,percent
11,3,rank_direct,0.07869999999999999,0.0,0.0,percent
11,3,rank_save,0.010800000000000032,0.0,0.0,percent
11,3,percent_direct,0.3477,0.0178,0.0,percent
11,3,percent_save,0.15910000000000002,0.0,0.0,percent
11,4,rank_direct,0.09419999999999995,0.0,0.0,percent
11,4,rank_save,0.017199999999999993,0.0,0.0,percent
11,4,percent_direct,0.2599,0.0042,0.0,percent
11,4,percent_save,0.08789999999999998,0.0,0.0,percent
11,5,rank_direct,0.5522,0.0,0.0001,percent
11,5,rank_save,0.8931,0.0,0.0142,percent
11,5,percent_direct,0.3409,0.026,0.0,percent
11,5,percent_save,0.5011,0.0,0.0,percent
11,6,rank_direct,0.9917,0.0,0.0054,percent
11,6,rank_save,1.0,0.0,0.0361,percent
11,6,percent_direct,0.34940000000000004,0.0321,0.0003,percent
11,6,percent_save,0.8976999999999999,0.0,0.001,percent
11,8,rank_direct,0.3435,0.0,0.0029,percent
11,8,rank_save,0.8851,0.0,0.1914,percent
11,8,percent_direct,0.2187,0.058,0.0,percent
11,8,percent_save,0.32989999999999997,0.0026,0.0012,percent
11,9,rank_direct,0.36529999999999996,0.0,0.0059,percent
11,9,rank_save,0.9769,0.0,0.33,percent
11,9,percent_direct,0.1624,0.0605,0.0,percent
11,9,percent_save,0.361,0.0,0.0059,percent
12,2,rank_direct,0.25260000000000005,0.0,0.0,percent
12,2,rank_save,0.2259,0.0,0.0,percent
12,2,percent_direct,0.3849,0.0157,0.0,percent
12,2,percent_save,0.27190000000000003,0.001,0.0,percent
12,3,rank_direct,0.08830000000000005,0.0,0.0,percent
12,3,rank_save,0.010099999999999998,0.0,0.0001,percent
12,3,percent_direct,0.26470000000000005,0.017,0.0,percent
12,3,percent_save,0.0998,0.0015,0.0,percent
12,4,rank_direct,0.22729999999999995,0.0,0.0,percent
12,4,rank_save,0.6934,0.0,0.0263,percent
12,4,percent_direct,0.3256,0.0285,0.0,percent
12,4,percent_save,0.3207,0.0,0.0,percent
12,6,rank_direct,0.0403,0.0,0.0,percent
12,6,rank_save,0.0024999999999999467,0.0,0.0,percent
12,6,percent_direct,0.2097,0.0356,0.0,percent
12,6,percent_save,0.05359999999999998,0.0012,0.0,percent
12,7,rank_direct,0.5868,0.0,0.0,percent
12,7,rank_save,0.977,0.0,0.0,percent
12,7,percent_direct,0.23860000000000003,0.0496,0.0,percent
12,7,percent_save,0.5475,0.0,0.0,percent
12,8,rank_direct,0.35919999999999996,0.0,0.007,percent
12,8,rank_save,0.965,0.0,0.3525,percent
12,8,percent_direct,0.1895,0.0606,0.0012,percent
12,8,percent_save,0.38980000000000004,0.0,0.011,percent
12,9,rank_direct,0.009600000000000053,0.0,0.0459,percent
12,9,rank_save,0.0,0.0,0.0555,percent
12,9,percent_direct,0.08460000000000001,0.0299,0.0296,percent
12,9,percent_save,0.005700000000000038,0.0,0.0498,percent
13,1,rank_direct,0.08630000000000004,0.0,0.0,percent
13,1,rank_save,0.01419999999999999,0.0,0.0,percent
13,1,percent_direct,0.31899999999999995,0.0076,0.0,percent
13,1,percent_save,0.15339999999999998,0.0012,0.0,percent
13,3,rank_direct,0.9692,0.0,0.0001,percent
13,3,rank_save,0.9974,0.0,0.0007,percent
13,3,percent_direct,0.5853999999999999,0.036,0.0,percent
13,3,percent_save,0.7062999999999999,0.0,0.0,percent
13,4,rank_direct,0.5860000000000001,0.0,0.0,percent
13,4,rank_save,0.745,0.0,0.0027,percent
13,4,percent_direct,0.40380000000000005,0.0151,0.0,percent
13,4,percent_save,0.41069999999999995,0.0,0.0,percent
13,5,rank_direct,0.07950000000000002,0.0,0.0001,percent
13,5,rank_save,0.010700000000000043,0.0,0.0001,percent
13,5,percent_direct,0.29000000000000004,0.021,0.0,percent
13,5,percent_save,0.11429999999999996,0.0,0.0,percent
13,6,rank_direct,0.05459999999999998,0.0,0.0,percent
13,6,rank_save,0.009000000000000008,0.0,0.0,percent
13,6,percent_direct,0.26649999999999996,0.0249,0.0,percent
13,6,percent_save,0.07740000000000002,0.0016,0.0,percent
13,7,rank_direct,0.2901,0.0,0.0,percent
13,7,rank_save,0.7616,0.0,0.0575,percent
13,7,percent_direct,0.3003,0.0458,0.0,percent
13,7,percent_save,0.3116,0.0,0.0,percent
13,8,rank_direct,0.0343,0.0,0.0002,percent
13,8,rank_save,0.0010999999999999899,0.0,0.0012,percent
13,8,percent_direct,0.18520000000000003,0.0295,0.0001,percent
13,8,percent_save,0.03259999999999996,0.0,0.0011,percent
13,9,rank_direct,0.02749999999999997,0.0,0.0044,percent
13,9,rank_save,0.0018000000000000238,0.0,0.0105,percent
13,9,percent_direct,0.13239999999999996,0.0396,0.0036,percent
13,9,percent_save,0.01419999999999999,0.0,0.0099,percent
14,3,rank_direct,0.3527,0.0,0.0,percent
14,3,rank_save,0.3468,0.0,0.0,percent
14,3,percent_direct,0.46519999999999995,0.0237,0.0,percent
14,3,percent_save,0.376,0.0,0.0,percent
14,4,rank_direct,0.25680000000000003,0.0,0.0,percent
14,4,rank_save,0.6919,0.0,0.0107,percent
14,4,percent_direct,0.3558,0.0309,0.0,percent
14,4,percent_save,0.33520000000000005,0.0,0.0,percent
14,5,rank_direct,0.06679999999999997,0.0,0.0,percent
14,5,rank_save,0.012299999999999978,0.0,0.0,percent
14,5,percent_direct,0.2679,0.0306,0.0,percent
14,5,percent_save,0.08999999999999997,0.0018,0.0,percent
14,6,rank_direct,0.06410000000000005,0.0,0.0,percent
14,6,rank_save,0.00990000000000002,0.0,0.0009,percent
14,6,percent_direct,0.20750000000000002,0.0157,0.0,percent
14,6,percent_save,0.056400000000000006,0.0,0.0003,percent
14,7,rank_direct,0.28879999999999995,0.0,0.0009,percent
14,7,rank_save,0.8762,0.0,0.1706,percent
14,7,percent_direct,0.2248,0.0454,0.0,percent
14,7,percent_save,0.29810000000000003,0.0,0.0003,percent
14,9,rank_direct,1.0,0.0,0.9795,percent
14,9,rank_save,1.0,0.0,0.9795,percent
14,9,percent_direct,0.05459999999999998,0.9454,0.0341,percent
14,9,percent_save,1.0,0.0,0.9795,percent
15,2,rank_direct,0.9312,0.0,0.0,percent
15,2,rank_save,0.9814,0.0,0.0,percent
15,2,percent_direct,0.6037,0.0188,0.0,percent
15,2,percent_save,0.6997,0.0,0.0,percent
15,3,rank_direct,0.4155,0.0,0.0,percent
15,3,rank_save,0.6507000000000001,0.0,0.0018,percent
15,3,percent_direct,0.4206,0.0399,0.0,percent
15,3,percent_save,0.3517,0.0015,0.0,percent
15,4,rank_direct,0.26880000000000004,0.0,0.0,percent
15,4,rank_save,0.5889,0.0,0.0052,percent
15,4,percent_direct,0.3648,0.0446,0.0,percent
15,4,percent_save,0.3244,0.0,0.0,percent
15,6,rank_direct,1.0,0.0,0.0018,percent
15,6,rank_save,1.0,0.0,0.037,percent
15,6,percent_direct,0.4327,0.0706,0.0,percent
15,6,percent_save,0.9039,0.042,0.0,percent
15,8,rank_direct,0.04679999999999995,0.0,0.0,percent
15,8,rank_save,0.005299999999999971,0.0,0.0003,percent
15,8,percent_direct,0.25360000000000005,0.0449,0.0,percent
15,8,percent_save,0.07089999999999996,0.0,0.0,percent
16,2,rank_direct,,0.0,0.0,percent
16,2,rank_save,,0.0,0.001,percent
16,2,percent_direct,,0.0163,0.0,percent
16,2,percent_save,,0.0006,0.0,percent
16,3,rank_direct,0.10560000000000003,0.0,0.0,percent
16,3,rank_save,0.02729999999999999,0.0,0.0,percent
16,3,percent_direct,0.28169999999999995,0.0121,0.0,percent
16,3,percent_save,0.10189999999999999,0.0001,0.0,percent
16,5,rank_direct,0.17800000000000005,0.0,0.0,percent
16,5,rank_save,0.11270000000000002,0.0,0.0,percent
16,5,percent_direct,0.27680000000000005,0.0152,0.0,percent
16,5,percent_save,0.14759999999999995,0.0,0.0,percent
16,6,rank_direct,0.05989999999999995,0.0,0.0,percent
16,6,rank_save,0.007299999999999973,0.0,0.0,percent
16,6,percent_direct,0.2952,0.0324,0.0,percent
16,6,percent_save,0.10150000000000003,0.0,0.0,percent
16,7,rank_direct,0.11650000000000005,0.0,0.0,percent
16,7,rank_save,0.018900000000000028,0.0,0.0015,percent
16,7,percent_direct,0.16669999999999996,0.0268,0.0014,percent
16,7,percent_save,0.03859999999999997,0.0,0.0033,percent
16,8,rank_direct,0.06369999999999998,0.0,0.0002,percent
16,8,rank_save,0.006900000000000017,0.0,0.002,percent
16,8,percent_direct,0.16300000000000003,0.0326,0.0008,percent
16,8,percent_save,0.0353,0.0,0.0017,percent
17,2,rank_direct,0.3075,0.0,0.0,percent
17,2,rank_save,0.5169,0.0,0.0001,percent
17,2,percent_direct,0.3719,0.0074,0.0,percent
17,2,percent_save,0.35,0.0,0.0,percent
17,3,rank_direct,0.17500000000000004,0.0,0.0,percent
17,3,rank_save,0.1351,0.0,0.0,percent
17,3,percent_direct,0.29190000000000005,0.0148,0.0,percent
17,3,percent_save,0.18389999999999995,0.0,0.0,percent
17,4,rank_direct,0.059699999999999975,0.0,0.0,percent
17,4,rank_save,0.009700000000000042,0.0,0.0,percent
17,4,percent_direct,0.29179999999999995,0.0207,0.0,percent
17,4,percent_save,0.10799999999999998,0.0034,0.0,percent
17,5,rank_direct,1.0,0.0,0.0044,percent
17,5,rank_save,1.0,0.0,0.0574,percent
17,5,percent_direct,0.44920000000000004,0.5508,0.0,percent
17,5,percent_save,0.9129,0.0871,0.0,percent
17,8,rank_direct,0.6146,0.0,0.0001,percent
17,8,rank_save,0.9862,0.0,0.0488,percent
17,8,percent_direct,0.30579999999999996,0.0454,0.0,percent
17,8,percent_save,0.5114000000000001,0.0,0.0,percent
17,9,rank_direct,0.965,0.0,0.0111,percent
17,9,rank_save,1.0,0.0,0.0778,percent
17,9,percent_direct,0.2649,0.0506,0.0004,percent
17,9,percent_save,0.8091,0.0,0.0035,percent
17,10,rank_direct,0.3821,0.0,0.0218,percent
17,10,rank_save,0.9416,0.0,0.3671,percent
17,10,percent_direct,0.15639999999999998,0.041,0.0021,percent
17,10,percent_save,0.38759999999999994,0.0,0.0243,percent
18,1,rank_direct,0.022599999999999953,0.0,0.0,percent
18,1,rank_save,0.0020999999999999908,0.0,0.0,percent
18,1,percent_direct,0.2875,0.0135,0.0,percent
18,1,percent_save,0.12360000000000004,0.0,0.0,percent
18,2,rank_direct,,0.0,0.0,percent
18,2,rank_save,,0.0,0.0,percent
18,2,percent_direct,,0.0856,0.0,percent
18,2,percent_save,,0.0218,0.0,percent
18,6,rank_direct,0.1553,0.0,0.0,percent
18,6,rank_save,0.11499999999999999,0.0,0.0,percent
18,6,percent_direct,0.38539999999999996,0.0283,0.0,percent
18,6,percent_save,0.1976,0.0,0.0,percent
18,7,rank_direct,0.046699999999999964,0.0,0.0,percent
18,7,rank_save,0.006399999999999961,0.0,0.0001,percent
18,7,percent_direct,0.30920000000000003,0.0382,0.0,percent
18,7,percent_save,0.09970000000000001,0.0,0.0,percent
18,8,rank_direct,0.6682,0.0,0.0,percent
18,8,rank_save,1.0,0.0,0.0,percent
18,8,percent_direct,0.3085,0.0635,0.0,percent
18,8,percent_save,0.6471,0.0036,0.0,percent
18,9,rank_direct,0.5712999999999999,0.0,0.0021,percent
18,9,rank_save,0.9181,0.0,0.1551,percent
18,9,percent_direct,0.2388,0.041,0.0,percent
18,9,percent_save,0.34450000000000003,0.0,0.0001,percent
19,1,rank_direct,0.2945,0.0,0.0,percent
19,1,rank_save,0.49019999999999997,0.0,0.0,percent
19,1,percent_direct,0.32430000000000003,0.0034,0.0,percent
19,1,percent_save,0.3609,0.0,0.0,percent
19,2,rank_direct,0.5762,0.0,0.0,percent
19,2,rank_save,0.7286,0.0,0.0002,percent
19,2,percent_direct,0.48219999999999996,0.0196,0.0,percent
19,2,percent_save,0.476,0.0,0.0,percent
19,3,rank_direct,0.08389999999999997,0.0,0.0,percent
19,3,rank_save,0.013599999999999945,0.0,0.0002,percent
19,3,percent_direct,0.3042,0.0094,0.0,percent
19,3,percent_save,0.11970000000000003,0.0009,0.0,percent
19,4,rank_direct,0.5178,0.0,0.0,percent
19,4,rank_save,0.8471,0.0,0.0025,percent
19,4,percent_direct,0.36460000000000004,0.0201,0.0,percent
19,4,percent_save,0.5524,0.0,0.0,percent
19,6,rank_direct,0.4296,0.0,0.0004,percent
19,6,rank_save,0.725,0.0,0.0243,percent
19,6,percent_direct,0.33740000000000003,0.0477,0.0,percent
19,6,percent_save,0.31710000000000005,0.0,0.0,percent
19,8,rank_direct,0.09930000000000005,0.0,0.0001,percent
19,8,rank_save,0.014700000000000046,0.0,0.0011,percent
19,8,percent_direct,0.18269999999999997,0.0227,0.0005,percent
19,8,percent_save,0.04159999999999997,0.0,0.0014,percent
19,9,rank_direct,0.019000000000000017,0.0,0.0,percent
19,9,rank_save,0.0019000000000000128,0.0,0.0016,percent
19,9,percent_direct,0.20909999999999995,0.0522,0.0,percent
19,9,percent_save,0.04420000000000002,0.0047,0.0002,percent
1,2,rank_direct,0.6342,0.0,0.0303,rank
1,2,rank_save,0.9635,0.0,0.1365,rank
1,2,percent_direct,0.29469999999999996,0.0624,0.0,rank
1,2,percent_save,0.5064,0.0,0.0038,rank
1,3,rank_direct,0.021199999999999997,0.0,0.0998,rank
1,3,rank_save,0.0049000000000000155,0.0,0.1108,rank
1,3,percent_direct,0.4365,0.1575,0.0081,rank
1,3,percent_save,0.18700000000000006,0.0,0.0264,rank
1,5,rank_direct,0.09309999999999996,0.0,0.1297,rank
1,5,rank_save,0.0,0.0,0.2228,rank
1,5,percent_direct,0.4565,0.224,0.0019,rank
1,5,percent_save,0.1795,0.0,0.0433,rank
20,2,rank_direct,0.9782,0.0,0.0,percent
20,2,rank_save,1.0,0.0,0.0001,percent
20,2,percent_direct,0.7224999999999999,0.0371,0.0,percent
20,2,percent_save,0.8634,0.0065,0.0,percent
20,3,rank_direct,0.16090000000000004,0.0,0.0,percent
20,3,rank_save,0.11199999999999999,0.0,0.0,percent
20,3,percent_direct,0.3093,0.0086,0.0,percent
20,3,percent_save,0.1653,0.0,0.0,percent
20,4,rank_direct,0.7377,0.0,0.0,percent
20,4,rank_save,0.9351,0.0,0.0026,percent
20,4,percent_direct,0.3871,0.0196,0.0,percent
20,4,percent_save,0.5301,0.0,0.0,percent
20,5,rank_direct,0.7222999999999999,0.0,0.0,percent
20,5,rank_save,0.933,0.0,0.0,percent
20,5,percent_direct,0.2954,0.0254,0.0,percent
20,5,percent_save,0.556,0.0,0.0,percent
20,6,rank_direct,0.08460000000000001,0.0,0.0,percent
20,6,rank_save,0.06530000000000002,0.0,0.0,percent
20,6,percent_direct,0.2903,0.0671,0.0,percent
20,6,percent_save,0.11180000000000001,0.0,0.0,percent
20,7,rank_direct,1.0,0.0,0.0711,percent
20,7,rank_save,1.0,0.0,0.2775,percent
20,7,percent_direct,0.2843,0.7157,0.0002,percent
20,7,percent_save,1.0,0.0,0.0016,percent
20,8,rank_direct,0.42810000000000004,0.0,0.0196,percent
20,8,rank_save,0.9319,0.0,0.3342,percent
20,8,percent_direct,0.15069999999999995,0.0362,0.0007,percent
20,8,percent_save,0.3853,0.0,0.0188,percent
21,4,rank_direct,0.09719999999999995,0.0,0.0,percent
21,4,rank_save,0.021599999999999953,0.0,0.0,percent
21,4,percent_direct,0.3104,0.0329,0.0,percent
21,4,percent_save,0.12019999999999997,0.0032,0.0001,percent
21,6,rank_direct,0.050899999999999945,0.0,0.0,percent
21,6,rank_save,0.007299999999999973,0.0,0.0003,percent
21,6,percent_direct,0.2952,0.0298,0.0001,percent
21,6,percent_save,0.09630000000000005,0.0,0.0001,percent
21,7,rank_direct,1.0,0.0,0.0182,percent
21,7,rank_save,1.0,0.0,0.1567,percent
21,7,percent_direct,0.32599999999999996,0.069,0.0,percent
21,7,percent_save,0.732,0.0546,0.0,percent
21,8,rank_direct,0.01980000000000004,0.0,0.0,percent
21,8,rank_save,0.0010999999999999899,0.0,0.0011,percent
21,8,percent_direct,0.23240000000000005,0.0476,0.0,percent
21,8,percent_save,0.04139999999999999,0.0,0.0002,percent
22,2,rank_direct,0.15790000000000004,0.0,0.0,percent
22,2,rank_save,0.019499999999999962,0.0,0.0,percent
22,2,percent_direct,0.26649999999999996,0.0075,0.0,percent
22,2,percent_save,0.16100000000000003,0.0004,0.0,percent
22,4,rank_direct,0.5008,0.0,0.0,percent
22,4,rank_save,0.8464,0.0,0.0,percent
22,4,percent_direct,0.41700000000000004,0.0201,0.0,percent
22,4,percent_save,0.5262,0.0003,0.0,percent
22,6,rank_direct,0.03620000000000001,0.0,0.0,percent
22,6,rank_save,0.006199999999999983,0.0,0.0,percent
22,6,percent_direct,0.3569,0.0232,0.0,percent
22,6,percent_save,0.15849999999999997,0.0,0.0,percent
22,8,rank_direct,1.0,0.0,0.0078,percent
22,8,rank_save,1.0,0.0,0.0912,percent
22,8,percent_direct,0.36150000000000004,0.0559,0.0,percent
22,8,percent_save,0.8954,0.0396,0.0,percent
23,2,rank_direct,0.5669,0.0,0.0,percent
23,2,rank_save,0.7011000000000001,0.0,0.0,percent
23,2,percent_direct,0.5225,0.0034,0.0,percent
23,2,percent_save,0.5063,0.0,0.0,percent
23,3,rank_direct,0.1733,0.0,0.0,percent
23,3,rank_save,0.14970000000000006,0.0,0.0,percent
23,3,percent_direct,0.43899999999999995,0.0102,0.0,percent
23,3,percent_save,0.27370000000000005,0.0,0.0,percent
23,6,rank_direct,0.042100000000000026,0.0,0.0,percent
23,6,rank_save,0.005199999999999982,0.0,0.0,percent
23,6,percent_direct,0.3096,0.0116,0.0,percent
23,6,percent_save,0.11399999999999999,0.0,0.0,percent
23,7,rank_direct,0.4588,0.0,0.0002,percent
23,7,rank_save,0.8244,0.0,0.052,percent
23,7,percent_direct,0.35660000000000003,0.0504,0.0,percent
23,7,percent_save,0.3307,0.0,0.0,percent
23,8,rank_direct,0.634,0.0,0.0018,percent
23,8,rank_save,0.9763,0.0,0.0507,percent
23,8,percent_direct,0.271,0.0311,0.0,percent
23,8,percent_save,0.5550999999999999,0.0,0.0001,percent
23,9,rank_direct,0.025599999999999956,0.0,0.0,percent
23,9,rank_save,0.0019000000000000128,0.0,0.0008,percent
23,9,percent_direct,0.23150000000000004,0.0538,0.0,percent
23,9,percent_save,0.045399999999999996,0.0031,0.0,percent
23,10,rank_direct,1.0,0.0,0.1963,percent
23,10,rank_save,1.0,0.0,0.3757,percent
23,10,percent_direct,0.21120000000000005,0.0725,0.0002,percent
23,10,percent_save,0.7434000000000001,0.0638,0.0009,percent
24,2,rank_direct,0.2502,0.0,0.0,percent
24,2,rank_save,0.16080000000000005,0.0,0.0,percent
24,2,percent_direct,0.37660000000000005,0.0071,0.0,percent
24,2,percent_save,0.26080000000000003,0.0006,0.0,percent
24,4,rank_direct,0.09540000000000004,0.0,0.0,percent
24,4,rank_save,0.02729999999999999,0.0,0.0,percent
24,4,percent_direct,0.44120000000000004,0.0138,0.0,percent
24,4,percent_save,0.22240000000000004,0.0,0.0,percent
24,5,rank_direct,0.7125,0.0,0.0,percent
24,5,rank_save,0.9171,0.0,0.0004,percent
24,5,percent_direct,0.4635,0.0306,0.0,percent
24,5,percent_save,0.5423,0.0,0.0,percent
24,6,rank_direct,1.0,0.0,0.0,percent
24,6,rank_save,1.0,0.0,0.0187,percent
24,6,percent_direct,0.5432,0.4568,0.0,percent
24,6,percent_save,1.0,0.0,0.0,percent
24,8,rank_direct,0.028900000000000037,0.0,0.0003,percent
24,8,rank_save,0.0031999999999999806,0.0,0.001,percent
24,8,percent_direct,0.17459999999999998,0.0405,0.0003,percent
24,8,percent_save,0.0343,0.0,0.0007,percent
24,9,rank_direct,1.0,0.0,0.159,percent
24,9,rank_save,1.0,0.0,0.3602,percent
24,9,percent_direct,0.2016,0.7984,0.0004,percent
24,9,percent_save,1.0,0.0,0.003,percent
25,4,rank_direct,0.239,0.0,0.0,percent
25,4,rank_save,0.7214,0.0,0.0151,percent
25,4,percent_direct,0.37339999999999995,0.0303,0.0,percent
25,4,percent_save,0.3042,0.0,0.0,percent
25,6,rank_direct,0.04730000000000001,0.0,0.0,percent
25,6,rank_save,0.009000000000000008,0.0,0.0,percent
25,6,percent_direct,0.25039999999999996,0.0278,0.0001,percent
25,6,percent_save,0.07609999999999995,0.0,0.0001,percent
25,7,rank_direct,0.028900000000000037,0.0,0.0,percent
25,7,rank_save,0.0023999999999999577,0.0,0.0001,percent
25,7,percent_direct,0.2471,0.0401,0.0,percent
25,7,percent_save,0.06710000000000005,0.0,0.0,percent
25,8,rank_direct,0.2792,0.0,0.0008,percent
25,8,rank_save,0.8324,0.0,0.1779,percent
25,8,percent_direct,0.21760000000000002,0.0416,0.0,percent
25,8,percent_save,0.2893,0.0,0.0001,percent
25,9,rank_direct,0.38560000000000005,0.0,0.0067,percent
25,9,rank_save,0.9669,0.0,0.3223,percent
25,9,percent_direct,0.19199999999999995,0.0588,0.0005,percent
25,9,percent_save,0.4034,0.0,0.0079,percent
27,1,rank_direct,0.20679999999999998,0.0,0.0,percent
27,1,rank_save,0.47729999999999995,0.0,0.0002,percent
27,1,percent_direct,0.494,0.0109,0.0,percent
27,1,percent_save,0.3701,0.0004,0.0,percent
27,2,rank_direct,0.30610000000000004,0.0,0.0,percent
27,2,rank_save,0.49139999999999995,0.0,0.0006,percent
27,2,percent_direct,0.4468,0.0209,0.0,percent
27,2,percent_save,0.3699,0.002,0.0,percent
27,3,rank_direct,0.4891,0.0,0.0,percent
27,3,rank_save,0.8436,0.0,0.0016,percent
27,3,percent_direct,0.4377,0.0346,0.0,percent
27,3,percent_save,0.5124,0.0036,0.0,percent
27,4,rank_direct,0.9998,0.0,0.0011,percent
27,4,rank_save,1.0,0.0,0.0068,percent
27,4,percent_direct,0.5483,0.0267,0.0,percent
27,4,percent_save,0.8965,0.0,0.0001,percent
27,6,rank_direct,0.7204999999999999,0.0,0.0014,percent
27,6,rank_save,0.968,0.0,0.0207,percent
27,6,percent_direct,0.35729999999999995,0.0262,0.0,percent
27,6,percent_save,0.6327,0.0,0.0,percent
27,8,rank_direct,0.42279999999999995,0.0,0.0262,percent
27,8,rank_save,0.9302,0.0,0.3413,percent
27,8,percent_direct,0.15269999999999995,0.0388,0.0004,percent
27,8,percent_save,0.38870000000000005,0.0,0.0185,percent
28,4,rank_direct,0.3598,0.0,0.0,rank
28,4,rank_save,0.010299999999999976,0.0,0.0013,rank
28,4,percent_direct,0.6381,0.0231,0.0,rank
28,4,percent_save,0.41700000000000004,0.0053,0.0,rank
28,6,rank_direct,1.0,0.0,0.0048,rank
28,6,rank_save,1.0,0.0,0.3925,rank
28,6,percent_direct,0.31910000000000005,0.0101,0.0,rank
28,6,percent_save,0.6407,0.0067,0.0,rank
28,7,rank_direct,0.726,0.0,0.0,rank
28,7,rank_save,0.8972,0.0,0.0197,rank
28,7,percent_direct,0.7551,0.0524,0.0,rank
28,7,percent_save,0.7167,0.0168,0.0,rank
28,8,rank_direct,0.6798,0.0,0.0001,rank
28,8,rank_save,0.9289000000000001,0.0,0.0235,rank
28,8,percent_direct,0.6085,0.1025,0.0,rank
28,8,percent_save,0.6932,0.0,0.0001,rank
28,9,rank_direct,0.36529999999999996,0.0,0.0025,rank
28,9,rank_save,0.015800000000000036,0.0,0.0735,rank
28,9,percent_direct,0.6181,0.0881,0.0,rank
28,9,percent_save,0.40869999999999995,0.0,0.0004,rank
28,10,rank_direct,0.2137,0.0,0.0156,rank
28,10,rank_save,0.0036000000000000476,0.0,0.1346,rank
28,10,percent_direct,0.7002999999999999,0.1726,0.0,rank
28,10,percent_save,0.47250000000000003,0.0,0.0003,rank
29,2,rank_direct,0.37329999999999997,0.0,0.0,rank
29,2,rank_save,0.20640000000000003,0.0,0.0,rank
29,2,percent_direct,0.6805,0.0103,0.0,rank
29,2,percent_save,0.556,0.0002,0.0,rank
29,3,rank_direct,0.2852,0.0,0.0,rank
29,3,rank_save,0.005800000000000027,0.0,0.0,rank
29,3,percent_direct,0.47130000000000005,0.0143,0.0,rank
29,3,percent_save,0.30379999999999996,0.0001,0.0,rank
29,4,rank_direct,0.4588,0.0,0.0,rank
29,4,rank_save,0.34230000000000005,0.0,0.0,rank
29,4,percent_direct,0.7638,0.0187,0.0,rank
29,4,percent_save,0.622,0.0,0.0,rank
29,5,rank_direct,0.394,0.0,0.0,rank
29,5,rank_save,0.24119999999999997,0.0,0.0,rank
29,5,percent_direct,0.6809000000000001,0.0276,0.0,rank
29,5,percent_save,0.5371,0.0,0.0,rank
29,6,rank_direct,0.5509,0.0,0.0,rank
29,6,rank_save,0.6689,0.0,0.01,rank
29,6,percent_direct,0.7524,0.0527,0.0,rank
29,6,percent_save,0.673,0.0167,0.0,rank
29,8,rank_direct,0.8155,0.0,0.0026,rank
29,8,rank_save,0.9568,0.0,0.0463,rank
29,8,percent_direct,0.5661,0.0783,0.0,rank
29,8,percent_save,0.5692999999999999,0.0105,0.0,rank
29,9,rank_direct,0.5257000000000001,0.0,0.0087,rank
29,9,rank_save,0.752,0.0,0.1013,rank
29,9,percent_direct,0.6833,0.1228,0.0,rank
29,9,percent_save,0.5597,0.0,0.0,rank
2,1,rank_direct,0.13829999999999998,0.0,0.0,rank
2,1,rank_save,0.47640000000000005,0.0,0.0013,rank
2,1,percent_direct,0.21589999999999998,0.0137,0.0,rank
2,1,percent_save,0.3518,0.0,0.0,rank
2,2,rank_direct,0.15259999999999996,0.0,0.0,rank
2,2,rank_save,0.525,0.0,0.0123,rank
2,2,percent_direct,0.3621,0.0132,0.0,rank
2,2,percent_save,0.2845,0.0,0.0,rank
2,4,rank_direct,0.01649999999999996,0.0,0.0042,rank
2,4,rank_save,0.0040999999999999925,0.0,0.0049,rank
2,4,percent_direct,0.13739999999999997,0.0437,0.0002,rank
2,4,percent_save,0.07050000000000001,0.0,0.0006,rank
2,5,rank_direct,0.014599999999999946,0.0,0.0024,rank
2,5,rank_save,0.0040999999999999925,0.0,0.003,rank
2,5,percent_direct,0.5646,0.0782,0.0,rank
2,5,percent_save,0.3084,0.0,0.0,rank
2,6,rank_direct,0.033299999999999996,0.0,0.0,rank
2,6,rank_save,0.025000000000000022,0.0,0.0,rank
2,6,percent_direct,0.4477,0.177,0.0,rank
2,6,percent_save,0.18720000000000003,0.0447,0.0,rank
2,7,rank_direct,0.4777,0.0,0.2384,rank
2,7,rank_save,1.0,0.0,0.6271,rank
2,7,percent_direct,0.6171,0.2559,0.005,rank
2,7,percent_save,0.477,0.1,0.039,rank
30,2,rank_direct,0.3065,0.0,0.0,rank
30,2,rank_save,0.0050000000000000044,0.0,0.0,rank
30,2,percent_direct,0.353,0.0027,0.0,rank
30,2,percent_save,0.24370000000000003,0.0,0.0,rank
30,6,rank_direct,0.29690000000000005,0.0,0.0,rank
30,6,rank_save,0.0050000000000000044,0.0,0.0009,rank
30,6,percent_direct,0.7459,0.0471,0.0,rank
30,6,percent_save,0.571,0.005,0.0,rank
30,7,rank_direct,0.20530000000000004,0.0,0.0,rank
30,7,rank_save,0.0044999999999999485,0.0,0.0035,rank
30,7,percent_direct,0.7199,0.0571,0.0,rank
30,7,percent_save,0.5388999999999999,0.0,0.0,rank
31,1,rank_direct,0.4285,0.0,0.0,rank
31,1,rank_save,0.48719999999999997,0.0,0.0,rank
31,1,percent_direct,0.6224000000000001,0.0,0.0,rank
31,1,percent_save,0.5680000000000001,0.0,0.0,rank
31,2,rank_direct,0.4525,0.0,0.0,rank
31,2,rank_save,0.46409999999999996,0.0,0.0,rank
31,2,percent_direct,0.6799999999999999,0.0196,0.0,rank
31,2,percent_save,0.5718,0.0009,0.0,rank
31,3,rank_direct,0.44110000000000005,0.0,0.0,rank
31,3,rank_save,0.4982,0.0,0.0,rank
31,3,percent_direct,0.6598999999999999,0.0333,0.0,rank
31,3,percent_save,0.5567,0.0054,0.0,rank
31,4,rank_direct,0.30610000000000004,0.0,0.0,rank
31,4,rank_save,0.00660000000000005,0.0,0.0,rank
31,4,percent_direct,0.6879,0.027,0.0,rank
31,4,percent_save,0.5206999999999999,0.0031,0.0,rank
31,7,rank_direct,0.4878,0.0,0.0,rank
31,7,rank_save,0.5421,0.0,0.0022,rank
31,7,percent_direct,0.7692,0.061,0.0,rank
31,7,percent_save,0.6313,0.0054,0.0,rank
32,1,rank_direct,0.3791,0.0,0.0,rank
32,1,rank_save,0.18020000000000003,0.0,0.0,rank
32,1,percent_direct,0.5043,0.0016,0.0,rank
32,1,percent_save,0.35729999999999995,0.0,0.0,rank
32,2,rank_direct,0.5880000000000001,0.0,0.0,rank
32,2,rank_save,0.7794,0.0,0.0,rank
32,2,percent_direct,0.6696,0.0085,0.0,rank
32,2,percent_save,0.6438999999999999,0.0014,0.0,rank
32,3,rank_direct,0.3336,0.0,0.0,rank
32,3,rank_save,0.009199999999999986,0.0,0.0014,rank
32,3,percent_direct,0.62,0.0212,0.0,rank
32,3,percent_save,0.39459999999999995,0.0026,0.0,rank
32,4,rank_direct,0.7499,0.0,0.0,rank
32,4,rank_save,0.9147,0.0,0.0,rank
32,4,percent_direct,0.6329,0.0239,0.0,rank
32,4,percent_save,0.6913,0.0,0.0,rank
32,5,rank_direct,0.525,0.0,0.0004,rank
32,5,rank_save,0.7533,0.0,0.0327,rank
32,5,percent_direct,0.6769000000000001,0.0646,0.0,rank
32,5,percent_save,0.5884,0.0073,0.0,rank
32,8,rank_direct,0.5775,0.0,0.0014,rank
32,8,rank_save,0.743,0.0,0.0484,rank
32,8,percent_direct,0.7175,0.0812,0.0,rank
32,8,percent_save,0.5976,0.0,0.0,rank
33,2,rank_direct,0.6255,0.0,0.0,rank
33,2,rank_save,0.7417,0.0,0.0,rank
33,2,percent_direct,0.7368,0.0125,0.0,rank
33,2,percent_save,0.7063999999999999,0.0,0.0,rank
33,4,rank_direct,0.7226,0.0,0.0011,rank
33,4,rank_save,0.8475,0.0,0.0261,rank
33,4,percent_direct,0.48240000000000005,0.0636,0.0,rank
33,4,percent_save,0.43899999999999995,0.0062,0.0,rank
33,5,rank_direct,0.4155,0.0,0.0,rank
33,5,rank_save,0.3379,0.0,0.0,rank
33,5,percent_direct,0.7218,0.1165,0.0,rank
33,5,percent_save,0.5568,0.0,0.0,rank
33,6,rank_direct,0.9324,0.0,0.0046,rank
33,6,rank_save,0.9975,0.0,0.0726,rank
33,6,percent_direct,0.6032,0.1177,0.0,rank
33,6,percent_save,0.7028,0.0149,0.0,rank
33,7,rank_direct,0.3084,0.0,0.0017,rank
33,7,rank_save,0.006199999999999983,0.0,0.044,rank
33,7,percent_direct,0.7401,0.1273,0.0,rank
33,7,percent_save,0.5296000000000001,0.0,0.0,rank
34,3,rank_direct,0.3137,0.0,0.0,rank
34,3,rank_save,0.12629999999999997,0.0,0.0,rank
34,3,percent_direct,0.6174999999999999,0.0422,0.0,rank
34,3,percent_save,0.45709999999999995,0.006,0.0,rank
34,4,rank_direct,0.87,0.0,0.0,rank
34,4,rank_save,0.9752,0.0,0.0023,rank
34,4,percent_direct,0.5892999999999999,0.0447,0.0,rank
34,4,percent_save,0.5928,0.0,0.0,rank
34,6,rank_direct,0.4073,0.0,0.0,rank
34,6,rank_save,0.4937,0.0,0.0094,rank
34,6,percent_direct,0.6438999999999999,0.0559,0.0,rank
34,6,percent_save,0.5181,0.0081,0.0,rank
34,7,rank_direct,0.6461,0.0,0.0002,rank
34,7,rank_save,0.8731,0.0,0.0056,rank
34,7,percent_direct,0.6948,0.0385,0.0,rank
34,7,percent_save,0.6367,0.0,0.0,rank
34,8,rank_direct,0.47350000000000003,0.0,0.0003,rank
34,8,rank_save,0.6411,0.0,0.0199,rank
34,8,percent_direct,0.7512,0.1628,0.0,rank
34,8,percent_save,0.5996,0.0,0.0,rank
34,9,rank_direct,0.3546,0.0,0.0049,rank
34,9,rank_save,0.005600000000000049,0.0,0.077,rank
34,9,percent_direct,0.6384000000000001,0.0883,0.0003,rank
34,9,percent_save,0.43179999999999996,0.0175,0.0008,rank
34,10,rank_direct,1.0,0.0,0.1077,rank
34,10,rank_save,1.0,0.0,0.3306,rank
34,10,percent_direct,0.18469999999999998,0.0155,0.0,rank
34,10,percent_save,0.7203999999999999,0.0143,0.0,rank
3,1,rank_direct,0.15700000000000003,0.0,0.0,percent
3,1,rank_save,0.030299999999999994,0.0,0.0,percent
3,1,percent_direct,0.22140000000000004,0.0033,0.0,percent
3,1,percent_save,0.09060000000000001,0.0,0.0,percent
3,2,rank_direct,0.4095,0.0,0.0,percent
3,2,rank_save,0.8449,0.0,0.0,percent
3,2,percent_direct,0.4195,0.0367,0.0,percent
3,2,percent_save,0.4194,0.0,0.0,percent
3,3,rank_direct,0.7669,0.0,0.0105,percent
3,3,rank_save,0.9387,0.0,0.1184,percent
3,3,percent_direct,0.37749999999999995,0.0597,0.0,percent
3,3,percent_save,0.4396,0.0019,0.0,percent
3,4,rank_direct,0.18630000000000002,0.0,0.0,percent
3,4,rank_save,0.16700000000000004,0.0,0.0,percent
3,4,percent_direct,0.2894,0.0389,0.0,percent
3,4,percent_save,0.18469999999999998,0.0,0.0,percent
3,8,rank_direct,0.0010999999999999899,0.0,0.0009,percent
3,8,rank_save,0.0,0.0,0.002,percent
3,8,percent_direct,0.16269999999999996,0.0514,0.0,percent
3,8,percent_save,0.01880000000000004,0.0,0.0001,percent
3,9,rank_direct,0.6792,0.3561,0.0,percent
3,9,rank_save,0.6792,0.3561,0.0,percent
3,9,percent_direct,0.6792,0.3561,0.0,percent
3,9,percent_save,0.6792,0.3561,0.0,percent
4,3,rank_direct,0.8362,0.0,0.0,percent
4,3,rank_save,0.9427,0.0,0.0019,percent
4,3,percent_direct,0.5103,0.0257,0.0,percent
4,3,percent_save,0.6038,0.0022,0.0,percent
4,4,rank_direct,0.42579999999999996,0.0,0.0,percent
4,4,rank_save,0.6847,0.0,0.0107,percent
4,4,percent_direct,0.26,0.0049,0.0,percent
4,4,percent_save,0.36439999999999995,0.0,0.0002,percent
4,5,rank_direct,0.11829999999999996,0.0,0.0,percent
4,5,rank_save,0.0232,0.0,0.0003,percent
4,5,percent_direct,0.18910000000000005,0.0047,0.0001,percent
4,5,percent_save,0.04420000000000002,0.0,0.0002,percent
4,7,rank_direct,0.24160000000000004,0.0,0.0014,percent
4,7,rank_save,0.7882,0.0,0.1082,percent
4,7,percent_direct,0.2641,0.0358,0.0,percent
4,7,percent_save,0.3318,0.0009,0.0015,percent
4,8,rank_direct,0.06010000000000004,0.0,0.0001,percent
4,8,rank_save,0.0036000000000000476,0.0,0.002,percent
4,8,percent_direct,0.16159999999999997,0.0352,0.0013,percent
4,8,percent_save,0.026900000000000035,0.0,0.0026,percent
4,9,rank_direct,0.010499999999999954,0.0,0.0013,percent
4,9,rank_save,0.0,0.0,0.0034,percent
4,9,percent_direct,0.17900000000000005,0.055,0.0,percent
4,9,percent_save,0.021700000000000053,0.0042,0.0,percent
5,1,rank_direct,0.06720000000000004,0.0,0.0,percent
5,1,rank_save,0.0037000000000000366,0.0,0.0,percent
5,1,percent_direct,0.25349999999999995,0.0062,0.0,percent
5,1,percent_save,0.08930000000000005,0.0,0.0,percent
5,2,rank_direct,0.8962,0.0,0.0025,percent
5,2,rank_save,0.9883,0.0,0.033,percent
5,2,percent_direct,0.3901,0.0267,0.0,percent
5,2,percent_save,0.6289,0.0,0.0001,percent
5,3,rank_direct,0.05269999999999997,0.0,0.0,percent
5,3,rank_save,0.005600000000000049,0.0,0.0008,percent
5,3,percent_direct,0.22319999999999995,0.0311,0.0,percent
5,3,percent_save,0.06259999999999999,0.0,0.0,percent
5,4,rank_direct,0.32199999999999995,0.0,0.0014,percent
5,4,rank_save,0.8324,0.0,0.1829,percent
5,4,percent_direct,0.2005,0.036,0.0001,percent
5,4,percent_save,0.3264,0.0,0.0029,percent
5,5,rank_direct,0.09760000000000002,0.0,0.0,percent
5,5,rank_save,0.08130000000000004,0.0,0.0,percent
5,5,percent_direct,0.15710000000000002,0.039,0.0,percent
5,5,percent_save,0.08750000000000002,0.0,0.0,percent
5,6,rank_direct,0.5284,0.0,0.115,percent
5,6,rank_save,1.0,0.0,0.5866,percent
5,6,percent_direct,0.1069,0.0499,0.0071,percent
5,6,percent_save,0.5293,0.0,0.1159,percent
5,9,rank_direct,1.0,0.0,0.9773,percent
5,9,rank_save,1.0,0.0,0.9773,percent
5,9,percent_direct,0.052100000000000035,0.9479,0.0294,percent
5,9,percent_save,1.0,0.0,0.9773,percent
6,2,rank_direct,0.3095,0.0,0.0,percent
6,2,rank_save,0.5781000000000001,0.0,0.0002,percent
6,2,percent_direct,0.34009999999999996,0.0035,0.0,percent
6,2,percent_save,0.36719999999999997,0.0005,0.0,percent
6,3,rank_direct,0.692,0.0,0.0,percent
6,3,rank_save,0.8234,0.0,0.0078,percent
6,3,percent_direct,0.4708,0.0226,0.0,percent
6,3,percent_save,0.48460000000000003,0.0,0.0,percent
6,4,rank_direct,0.07520000000000004,0.0,0.0,percent
6,4,rank_save,0.0042999999999999705,0.0,0.0001,percent
6,4,percent_direct,0.27659999999999996,0.014,0.0,percent
6,4,percent_save,0.10160000000000002,0.0009,0.0,percent
6,5,rank_direct,0.04630000000000001,0.0,0.0,percent
6,5,rank_save,0.00539999999999996,0.0,0.0001,percent
6,5,percent_direct,0.27280000000000004,0.031,0.0,percent
6,5,percent_save,0.09119999999999995,0.0,0.0,percent
6,6,rank_direct,0.02080000000000004,0.0,0.0,percent
6,6,rank_save,0.0027000000000000357,0.0,0.0004,percent
6,6,percent_direct,0.21440000000000003,0.0261,0.0,percent
6,6,percent_save,0.052100000000000035,0.0,0.0007,percent
6,7,rank_direct,0.09699999999999998,0.0,0.0,percent
6,7,rank_save,0.08609999999999995,0.0,0.0,percent
6,7,percent_direct,0.24480000000000002,0.057,0.0,percent
6,7,percent_save,0.10709999999999997,0.0,0.0,percent
6,8,rank_direct,0.8528,0.0,0.0406,percent
6,8,rank_save,1.0,0.0,0.2179,percent
6,8,percent_direct,0.18200000000000005,0.0578,0.0,percent
6,8,percent_save,0.6812,0.0,0.0039,percent
6,9,rank_direct,0.007499999999999951,0.0,0.0132,percent
6,9,rank_save,0.0,0.0,0.0207,percent
6,9,percent_direct,0.11040000000000005,0.0613,0.0036,percent
6,9,percent_save,0.008299999999999974,0.0,0.0124,percent
7,4,rank_direct,0.07689999999999997,0.0,0.0,percent
7,4,rank_save,0.008199999999999985,0.0,0.0,percent
7,4,percent_direct,0.3416,0.0165,0.0,percent
7,4,percent_save,0.14380000000000004,0.0008,0.0,percent
7,5,rank_direct,0.6815,0.0,0.0,percent
7,5,rank_save,0.8972,0.0,0.0,percent
7,5,percent_direct,0.34219999999999995,0.0187,0.0,percent
7,5,percent_save,0.542,0.0,0.0,percent
7,6,rank_direct,0.1169,0.0,0.0,percent
7,6,rank_save,0.014700000000000046,0.0,0.0005,percent
7,6,percent_direct,0.19599999999999995,0.0194,0.0,percent
7,6,percent_save,0.06430000000000002,0.0,0.0,percent
7,7,rank_direct,0.6112,0.0,0.0011,percent
7,7,rank_save,0.9898,0.0,0.051,percent
7,7,percent_direct,0.31289999999999996,0.027,0.0,percent
7,7,percent_save,0.5469999999999999,0.0,0.0,percent
7,8,rank_direct,0.08919999999999995,0.0,0.0,percent
7,8,rank_save,0.07769999999999999,0.0,0.0,percent
7,8,percent_direct,0.20509999999999995,0.0481,0.0,percent
7,8,percent_save,0.09109999999999996,0.0,0.0,percent
7,9,rank_direct,0.0023999999999999577,0.0,0.0043,percent
7,9,rank_save,0.0,0.0,0.0067,percent
7,9,percent_direct,0.15810000000000002,0.0398,0.0005,percent
7,9,percent_save,0.02100000000000002,0.0,0.0013,percent
8,2,rank_direct,0.5637,0.0,0.0,percent
8,2,rank_save,0.8436,0.0,0.0,percent
8,2,percent_direct,0.4728,0.0014,0.0,percent
8,2,percent_save,0.5074000000000001,0.0,0.0,percent
8,3,rank_direct,0.20389999999999997,0.0,0.0,percent
8,3,rank_save,0.44389999999999996,0.0,0.001,percent
8,3,percent_direct,0.36140000000000005,0.0056,0.0,percent
8,3,percent_save,0.3943,0.0004,0.0,percent
8,5,rank_direct,0.5549,0.0,0.0002,percent
8,5,rank_save,0.9095,0.0,0.0188,percent
8,5,percent_direct,0.34550000000000003,0.0424,0.0,percent
8,5,percent_save,0.4789,0.0023,0.0001,percent
8,7,rank_direct,0.05120000000000002,0.0,0.0,percent
8,7,rank_save,0.007399999999999962,0.0,0.0004,percent
8,7,percent_direct,0.22499999999999998,0.0363,0.0003,percent
8,7,percent_save,0.06120000000000003,0.0,0.0008,percent
8,8,rank_direct,0.32220000000000004,0.0,0.0008,percent
8,8,rank_save,0.9692,0.0,0.208,percent
8,8,percent_direct,0.22809999999999997,0.0501,0.0,percent
8,8,percent_save,0.3558,0.0,0.0005,percent
8,9,rank_direct,0.3668,0.0,0.0077,percent
8,9,rank_save,0.9567,0.0,0.3345,percent
8,9,percent_direct,0.15910000000000002,0.0458,0.0011,percent
8,9,percent_save,0.4175,0.0,0.0171,percent
8,10,rank_direct,0.018199999999999994,0.0,0.0232,percent
8,10,rank_save,0.0,0.0,0.0414,percent
8,10,percent_direct,0.10219999999999996,0.0504,0.0177,percent
8,10,percent_save,0.007399999999999962,0.0,0.034,percent
9,2,rank_direct,0.0867,0.0,0.0,percent
9,2,rank_save,0.028900000000000037,0.0,0.0,percent
9,2,percent_direct,0.49260000000000004,0.0094,0.0,percent
9,2,percent_save,0.2663,0.0004,0.0,percent
9,4,rank_direct,0.43899999999999995,0.0,0.0,percent
9,4,rank_save,0.783,0.0,0.0,percent
9,4,percent_direct,0.3638,0.0047,0.0,percent
9,4,percent_save,0.5377000000000001,0.0006,0.0,percent
9,5,rank_direct,0.41369999999999996,0.0,0.0,percent
9,5,rank_save,0.6604,0.0,0.0101,percent
9,5,percent_direct,0.3558,0.0246,0.0,percent
9,5,percent_save,0.3317,0.0,0.0,percent
9,8,rank_direct,0.06140000000000001,0.0,0.0,percent
9,8,rank_save,0.06140000000000001,0.0,0.0,percent
9,8,percent_direct,0.09330000000000005,0.0343,0.0,percent
9,8,percent_save,0.06140000000000001,0.0,0.0,percent
